"File","MissingGuid"
"Assets\ThirdParty\RunRich\Visual\Default.mat","d0353a89b1f911e48b9e16bdc9f2e058"
"Assets\ThirdParty\RunRich\Visual\Default.mat","933532a4fcc9baf4fa0491de14d08ed7"
"Assets\ThirdParty\RunRich\Visual\Default.mat","a7bf4a66094c4de44a5d10fbcc2605ab"
"Assets\ThirdParty\RunRich\Visual\Default.mat","817e7f7c22bae2741b127900cf192eaf"
"Assets\ThirdParty\RunRich\Visual\Images Run.spriteatlas","85da09d58078cf84394a94160e6091c3"
"Assets\ThirdParty\RunRich\Visual\Images Run.spriteatlas","23a95b31a9004d9488854613ddb6b102"
"Assets\ThirdParty\RunRich\Visual\Images Run.spriteatlas","23a95b31a9004d9488854613ddb6b102"
"Assets\ThirdParty\RunRich\Visual\Images Run.spriteatlas","85da09d58078cf84394a94160e6091c3"
"Assets\ThirdParty\RunRich\Visual\Main UI.spriteatlas","09804f98eb7b21940befd6ad6d67197c"
"Assets\ThirdParty\RunRich\Visual\Main UI.spriteatlas","12abf1618a5b655459c9a1c476277dc2"
"Assets\ThirdParty\RunRich\Visual\Main UI.spriteatlas","228356f1d83023749b7496df5b11bc9d"
"Assets\ThirdParty\RunRich\Visual\Main UI.spriteatlas","71f88aa7ef6015a42bf7e4eaa7d5bf1b"
"Assets\ThirdParty\RunRich\Visual\Main UI.spriteatlas","4053422aa4678584aa241246e04d095f"
"Assets\ThirdParty\RunRich\Visual\Main UI.spriteatlas","86f1ed575bee5b148913ccc2d41f3cc4"
"Assets\ThirdParty\RunRich\Visual\Main UI.spriteatlas","4cf20cfd7a4dd9c4cb09ff09e97a34cc"
"Assets\ThirdParty\RunRich\Visual\Main UI.spriteatlas","9b3c90288c395784db994a37635dbad4"
"Assets\ThirdParty\RunRich\Visual\Main UI.spriteatlas","eee872c862f97c9488fae654c4c43c71"
"Assets\ThirdParty\RunRich\Visual\Main UI.spriteatlas","01b32fe197e39464a8d8cdedd21ab5b2"
"Assets\ThirdParty\RunRich\Visual\Main UI.spriteatlas","a010e1aaed611394d9e149c63654e4a3"
"Assets\ThirdParty\RunRich\Visual\Main UI.spriteatlas","03bb47ab772700249800c109c644ab69"
"Assets\ThirdParty\RunRich\Visual\Main UI.spriteatlas","9a7a1824ea42c184988e448ee8ba14c5"
"Assets\ThirdParty\RunRich\Visual\Main UI.spriteatlas","12abf1618a5b655459c9a1c476277dc2"
"Assets\ThirdParty\RunRich\Visual\Main UI.spriteatlas","01b32fe197e39464a8d8cdedd21ab5b2"
"Assets\ThirdParty\RunRich\Visual\Main UI.spriteatlas","228356f1d83023749b7496df5b11bc9d"
"Assets\ThirdParty\RunRich\Visual\Main UI.spriteatlas","9a7a1824ea42c184988e448ee8ba14c5"
"Assets\ThirdParty\RunRich\Visual\Main UI.spriteatlas","86f1ed575bee5b148913ccc2d41f3cc4"
"Assets\ThirdParty\RunRich\Visual\Main UI.spriteatlas","71f88aa7ef6015a42bf7e4eaa7d5bf1b"
"Assets\ThirdParty\RunRich\Visual\Main UI.spriteatlas","9b3c90288c395784db994a37635dbad4"
"Assets\ThirdParty\RunRich\Visual\Main UI.spriteatlas","09804f98eb7b21940befd6ad6d67197c"
"Assets\ThirdParty\RunRich\Visual\Main UI.spriteatlas","eee872c862f97c9488fae654c4c43c71"
"Assets\ThirdParty\RunRich\Visual\Main UI.spriteatlas","4053422aa4678584aa241246e04d095f"
"Assets\ThirdParty\RunRich\Visual\Main UI.spriteatlas","a010e1aaed611394d9e149c63654e4a3"
"Assets\ThirdParty\RunRich\Visual\Main UI.spriteatlas","03bb47ab772700249800c109c644ab69"
"Assets\ThirdParty\RunRich\Visual\Main UI.spriteatlas","4cf20cfd7a4dd9c4cb09ff09e97a34cc"
"Assets\ThirdParty\RunRich\Visual\New Material 1.mat","7c42a9e91c956b74d9b1ae8e6ca7b16e"
"Assets\ThirdParty\RunRich\Visual\New Material.mat","e09304d368974d441b43922546edd717"
"Assets\ThirdParty\RunRich\Visual\Run UI.spriteatlas","430aa5c9be8b57c418876ef033c8f7a7"
"Assets\ThirdParty\RunRich\Visual\Run UI.spriteatlas","a8be0885866a43942849709a0bf53ac2"
"Assets\ThirdParty\RunRich\Visual\Run UI.spriteatlas","9b698fe43e61e6146a7dfbf5c39b9ea4"
"Assets\ThirdParty\RunRich\Visual\Run UI.spriteatlas","7d4f7a3d195db6444adf852f57d3088b"
"Assets\ThirdParty\RunRich\Visual\Run UI.spriteatlas","0957d981800913a45b89cfcd3064b83c"
"Assets\ThirdParty\RunRich\Visual\Run UI.spriteatlas","ee20a1c63564a834da35c2ced33ae92f"
"Assets\ThirdParty\RunRich\Visual\Run UI.spriteatlas","42707ae449c6f20439b9b82f22ecf0ac"
"Assets\ThirdParty\RunRich\Visual\Run UI.spriteatlas","17ca1cc79c903554e8934185d88ef38a"
"Assets\ThirdParty\RunRich\Visual\Run UI.spriteatlas","0957d981800913a45b89cfcd3064b83c"
"Assets\ThirdParty\RunRich\Visual\Run UI.spriteatlas","42707ae449c6f20439b9b82f22ecf0ac"
"Assets\ThirdParty\RunRich\Visual\Run UI.spriteatlas","9b698fe43e61e6146a7dfbf5c39b9ea4"
"Assets\ThirdParty\RunRich\Visual\Run UI.spriteatlas","a8be0885866a43942849709a0bf53ac2"
"Assets\ThirdParty\RunRich\Visual\Run UI.spriteatlas","ee20a1c63564a834da35c2ced33ae92f"
"Assets\ThirdParty\RunRich\Visual\Run UI.spriteatlas","17ca1cc79c903554e8934185d88ef38a"
"Assets\ThirdParty\RunRich\Visual\Run UI.spriteatlas","430aa5c9be8b57c418876ef033c8f7a7"
"Assets\ThirdParty\RunRich\Visual\Run UI.spriteatlas","7d4f7a3d195db6444adf852f57d3088b"
"Assets\ThirdParty\RunRich\Visual\Win UI.spriteatlas","9f7d5eed7e603e44ba30d1be8360c4d2"
"Assets\ThirdParty\RunRich\Visual\Win UI.spriteatlas","f0d7c1e010749f049b231b46798926fc"
"Assets\ThirdParty\RunRich\Visual\Win UI.spriteatlas","0957d981800913a45b89cfcd3064b83c"
"Assets\ThirdParty\RunRich\Visual\Win UI.spriteatlas","893b30761de018641a604627b8d50673"
"Assets\ThirdParty\RunRich\Visual\Win UI.spriteatlas","b17d6e78fa054784abaa967af68d4dbf"
"Assets\ThirdParty\RunRich\Visual\Win UI.spriteatlas","bf1b65b32f55a7e4ba432aa27a0dc159"
"Assets\ThirdParty\RunRich\Visual\Win UI.spriteatlas","f6a011fdbaa6eac458b2e4606ad5b6b8"
"Assets\ThirdParty\RunRich\Visual\Win UI.spriteatlas","5126e4cf7c29b6148b2b065701e18cee"
"Assets\ThirdParty\RunRich\Visual\Win UI.spriteatlas","8e1ec972aaf7f224496a75ad9f4c517e"
"Assets\ThirdParty\RunRich\Visual\Win UI.spriteatlas","63985e857a1945049b9ec4dd54897af3"
"Assets\ThirdParty\RunRich\Visual\Win UI.spriteatlas","f0d7c1e010749f049b231b46798926fc"
"Assets\ThirdParty\RunRich\Visual\Win UI.spriteatlas","0957d981800913a45b89cfcd3064b83c"
"Assets\ThirdParty\RunRich\Visual\Win UI.spriteatlas","8e1ec972aaf7f224496a75ad9f4c517e"
"Assets\ThirdParty\RunRich\Visual\Win UI.spriteatlas","bf1b65b32f55a7e4ba432aa27a0dc159"
"Assets\ThirdParty\RunRich\Visual\Win UI.spriteatlas","63985e857a1945049b9ec4dd54897af3"
"Assets\ThirdParty\RunRich\Visual\Win UI.spriteatlas","893b30761de018641a604627b8d50673"
"Assets\ThirdParty\RunRich\Visual\Win UI.spriteatlas","b17d6e78fa054784abaa967af68d4dbf"
"Assets\ThirdParty\RunRich\Visual\Win UI.spriteatlas","9f7d5eed7e603e44ba30d1be8360c4d2"
"Assets\ThirdParty\RunRich\Visual\Win UI.spriteatlas","f6a011fdbaa6eac458b2e4606ad5b6b8"
"Assets\ThirdParty\RunRich\Visual\Win UI.spriteatlas","5126e4cf7c29b6148b2b065701e18cee"
"Assets\ThirdParty\RunRich\Visual\Fonts\NotoSansCJK-Bold SDF.asset","68e6db2ebdc24f95958faec2be5558d6"
"Assets\ThirdParty\RunRich\Visual\Fonts\NotoSansCJK-Bold SDF.asset","71c1514a6bd24e1e882cebbe1904ce04"
"Assets\ThirdParty\RunRich\Visual\Fonts\NotoSansCJK-Bold SDF.asset","ba4648a80f53acb45a0546faa0b9c584"
"Assets\ThirdParty\RunRich\Visual\Material\Art.mat","933532a4fcc9baf4fa0491de14d08ed7"
"Assets\ThirdParty\RunRich\Visual\Material\Art.mat","a815dd28b133c3b45b7ee67deee87b32"
"Assets\ThirdParty\RunRich\Visual\Material\Art.mat","b35059e3488cba248addc27588633e58"
"Assets\ThirdParty\RunRich\Visual\Material\Art.mat","a815dd28b133c3b45b7ee67deee87b32"
"Assets\ThirdParty\RunRich\Visual\Material\Art.mat","d0353a89b1f911e48b9e16bdc9f2e058"
"Assets\ThirdParty\RunRich\Visual\Material\BadDoor.mat","d0353a89b1f911e48b9e16bdc9f2e058"
"Assets\ThirdParty\RunRich\Visual\Material\BadDoor.mat","933532a4fcc9baf4fa0491de14d08ed7"
"Assets\ThirdParty\RunRich\Visual\Material\BadItem.mat","37bf4dca1a9b757429a004519757cf69"
"Assets\ThirdParty\RunRich\Visual\Material\Car.mat","933532a4fcc9baf4fa0491de14d08ed7"
"Assets\ThirdParty\RunRich\Visual\Material\Car.mat","8c0e93dea29d67d4a8f78cb495e1f420"
"Assets\ThirdParty\RunRich\Visual\Material\Car.mat","8c0e93dea29d67d4a8f78cb495e1f420"
"Assets\ThirdParty\RunRich\Visual\Material\Car.mat","8c0e93dea29d67d4a8f78cb495e1f420"
"Assets\ThirdParty\RunRich\Visual\Material\Car.mat","d0353a89b1f911e48b9e16bdc9f2e058"
"Assets\ThirdParty\RunRich\Visual\Material\Carpet.mat","7ffc1bc2bbb1ef64f84b552b2d2f0619"
"Assets\ThirdParty\RunRich\Visual\Material\Carpet.mat","5136504038d39634d9868eb72deebd02"
"Assets\ThirdParty\RunRich\Visual\Material\Carpet.mat","5136504038d39634d9868eb72deebd02"
"Assets\ThirdParty\RunRich\Visual\Material\Checkpoints.mat","933532a4fcc9baf4fa0491de14d08ed7"
"Assets\ThirdParty\RunRich\Visual\Material\Checkpoints.mat","d0353a89b1f911e48b9e16bdc9f2e058"
"Assets\ThirdParty\RunRich\Visual\Material\cloud_2x2_hard.mat","04aae4920342e714a858e7fd848f0de6"
"Assets\ThirdParty\RunRich\Visual\Material\ContinuePoorItemDisable.mat","933532a4fcc9baf4fa0491de14d08ed7"
"Assets\ThirdParty\RunRich\Visual\Material\ContinuePoorItemDisable.mat","d0353a89b1f911e48b9e16bdc9f2e058"
"Assets\ThirdParty\RunRich\Visual\Material\ContinuePoorItemEnable.mat","d0353a89b1f911e48b9e16bdc9f2e058"
"Assets\ThirdParty\RunRich\Visual\Material\ContinuePoorItemEnable.mat","933532a4fcc9baf4fa0491de14d08ed7"
"Assets\ThirdParty\RunRich\Visual\Material\ContinueRichItemDisable.mat","d0353a89b1f911e48b9e16bdc9f2e058"
"Assets\ThirdParty\RunRich\Visual\Material\ContinueRichItemDisable.mat","933532a4fcc9baf4fa0491de14d08ed7"
"Assets\ThirdParty\RunRich\Visual\Material\ContinueRichItemEnable.mat","933532a4fcc9baf4fa0491de14d08ed7"
"Assets\ThirdParty\RunRich\Visual\Material\ContinueRichItemEnable.mat","d0353a89b1f911e48b9e16bdc9f2e058"
"Assets\ThirdParty\RunRich\Visual\Material\Door.mat","7ffc1bc2bbb1ef64f84b552b2d2f0619"
"Assets\ThirdParty\RunRich\Visual\Material\Door.mat","e4d2f864122f8bf47a004e603b2058b4"
"Assets\ThirdParty\RunRich\Visual\Material\Door.mat","e4d2f864122f8bf47a004e603b2058b4"
"Assets\ThirdParty\RunRich\Visual\Material\Door.mat","e4d2f864122f8bf47a004e603b2058b4"
"Assets\ThirdParty\RunRich\Visual\Material\enviro_mat.mat","7ffc1bc2bbb1ef64f84b552b2d2f0619"
"Assets\ThirdParty\RunRich\Visual\Material\enviro_mat.mat","d0bbf0a4e6534a64fbf5ba4551e83291"
"Assets\ThirdParty\RunRich\Visual\Material\enviro_mat.mat","d0bbf0a4e6534a64fbf5ba4551e83291"
"Assets\ThirdParty\RunRich\Visual\Material\fading_circle.mat","d06b6ba4d56bf0646956cb34af2e5320"
"Assets\ThirdParty\RunRich\Visual\Material\GoodDoor.mat","933532a4fcc9baf4fa0491de14d08ed7"
"Assets\ThirdParty\RunRich\Visual\Material\GoodDoor.mat","d0353a89b1f911e48b9e16bdc9f2e058"
"Assets\ThirdParty\RunRich\Visual\Material\Grass 1.mat","933532a4fcc9baf4fa0491de14d08ed7"
"Assets\ThirdParty\RunRich\Visual\Material\Grass 1.mat","817e7f7c22bae2741b127900cf192eaf"
"Assets\ThirdParty\RunRich\Visual\Material\Grass 1.mat","817e7f7c22bae2741b127900cf192eaf"
"Assets\ThirdParty\RunRich\Visual\Material\Grass 1.mat","d0353a89b1f911e48b9e16bdc9f2e058"
"Assets\ThirdParty\RunRich\Visual\Material\Grass.mat","d0353a89b1f911e48b9e16bdc9f2e058"
"Assets\ThirdParty\RunRich\Visual\Material\Grass.mat","933532a4fcc9baf4fa0491de14d08ed7"
"Assets\ThirdParty\RunRich\Visual\Material\Grass.mat","817e7f7c22bae2741b127900cf192eaf"
"Assets\ThirdParty\RunRich\Visual\Material\Grass.mat","817e7f7c22bae2741b127900cf192eaf"
"Assets\ThirdParty\RunRich\Visual\Material\Ground.mat","d3dd5d9b283b6c24fbbadf7d5f48b467"
"Assets\ThirdParty\RunRich\Visual\Material\Ground2.mat","f53a9e1422a8eac428da37bcb9656c49"
"Assets\ThirdParty\RunRich\Visual\Material\halo_splash.mat","90833679bcaa0244382a14172f441fe4"
"Assets\ThirdParty\RunRich\Visual\Material\Krach.mat","047d020077068144dac03c15ff906c1f"
"Assets\ThirdParty\RunRich\Visual\Material\light_add.mat","1479f378b105ad24198f06cc935ee611"
"Assets\ThirdParty\RunRich\Visual\Material\light_blend.mat","1479f378b105ad24198f06cc935ee611"
"Assets\ThirdParty\RunRich\Visual\Material\Low_poly_interior.mat","2132857be8f1c914a9bde1ae9af23640"
"Assets\ThirdParty\RunRich\Visual\Material\Low_poly_interior.mat","b35059e3488cba248addc27588633e58"
"Assets\ThirdParty\RunRich\Visual\Material\Low_poly_interior.mat","b35059e3488cba248addc27588633e58"
"Assets\ThirdParty\RunRich\Visual\Material\MainFont-BlackOut.mat","057f7ac144832d046b4eb69b5e606faf"
"Assets\ThirdParty\RunRich\Visual\Material\MainFont-BlackOut.mat","8f75d4f950da8bf47ba277a54b86d963"
"Assets\ThirdParty\RunRich\Visual\Material\MainFont-gameover.mat","057f7ac144832d046b4eb69b5e606faf"
"Assets\ThirdParty\RunRich\Visual\Material\MainFont-gameover.mat","8f75d4f950da8bf47ba277a54b86d963"
"Assets\ThirdParty\RunRich\Visual\Material\MainFont-Shadow.mat","057f7ac144832d046b4eb69b5e606faf"
"Assets\ThirdParty\RunRich\Visual\Material\MainFont-Shadow.mat","8f75d4f950da8bf47ba277a54b86d963"
"Assets\ThirdParty\RunRich\Visual\Material\MainFont-Win.mat","057f7ac144832d046b4eb69b5e606faf"
"Assets\ThirdParty\RunRich\Visual\Material\MainFont-Win.mat","8f75d4f950da8bf47ba277a54b86d963"
"Assets\ThirdParty\RunRich\Visual\Material\mat_blue_transp.mat","d0353a89b1f911e48b9e16bdc9f2e058"
"Assets\ThirdParty\RunRich\Visual\Material\mat_blue_transp.mat","933532a4fcc9baf4fa0491de14d08ed7"
"Assets\ThirdParty\RunRich\Visual\Material\Mikado Material.mat","057f7ac144832d046b4eb69b5e606faf"
"Assets\ThirdParty\RunRich\Visual\Material\Mikado Material.mat","8f75d4f950da8bf47ba277a54b86d963"
"Assets\ThirdParty\RunRich\Visual\Material\NotoSansCJK-Regular Atlas Material.mat","4b0fca18d3e3a6a4582db29395370cce"
"Assets\ThirdParty\RunRich\Visual\Material\NotoSansCJK-Regular Atlas Material.mat","c830328641441db4585d64eaaabc4da1"
"Assets\ThirdParty\RunRich\Visual\Material\PaperBloc.mat","933532a4fcc9baf4fa0491de14d08ed7"
"Assets\ThirdParty\RunRich\Visual\Material\PaperBloc.mat","625e4db75cff0554cb4b7816801ce98c"
"Assets\ThirdParty\RunRich\Visual\Material\PaperBloc.mat","625e4db75cff0554cb4b7816801ce98c"
"Assets\ThirdParty\RunRich\Visual\Material\PaperBloc.mat","625e4db75cff0554cb4b7816801ce98c"
"Assets\ThirdParty\RunRich\Visual\Material\PaperBloc.mat","d0353a89b1f911e48b9e16bdc9f2e058"
"Assets\ThirdParty\RunRich\Visual\Material\PlaceHolderMonney.mat","4fc25270a4f5fe941ba1f4153e68a8bd"
"Assets\ThirdParty\RunRich\Visual\Material\Plane_Finish.mat","7ffc1bc2bbb1ef64f84b552b2d2f0619"
"Assets\ThirdParty\RunRich\Visual\Material\Plane_Finish.mat","ec4f5b0558e719d45b4fac17340ac213"
"Assets\ThirdParty\RunRich\Visual\Material\Plane_Finish.mat","ec4f5b0558e719d45b4fac17340ac213"
"Assets\ThirdParty\RunRich\Visual\Material\player_mat_Shop 1.mat","7ffc1bc2bbb1ef64f84b552b2d2f0619"
"Assets\ThirdParty\RunRich\Visual\Material\player_mat_Shop 1.mat","8e7dd7f86bd8ebb4593e8c80c3ec4844"
"Assets\ThirdParty\RunRich\Visual\Material\player_mat_Shop 1.mat","758c02e763129224888460038e82550e"
"Assets\ThirdParty\RunRich\Visual\Material\player_mat_Shop_2.mat","7ffc1bc2bbb1ef64f84b552b2d2f0619"
"Assets\ThirdParty\RunRich\Visual\Material\player_mat_Shop_2.mat","85a70f7ef72101647a47193303b84102"
"Assets\ThirdParty\RunRich\Visual\Material\player_mat_Shop_2.mat","758c02e763129224888460038e82550e"
"Assets\ThirdParty\RunRich\Visual\Material\player_mat_Shop.mat","7ffc1bc2bbb1ef64f84b552b2d2f0619"
"Assets\ThirdParty\RunRich\Visual\Material\player_mat_Shop.mat","758c02e763129224888460038e82550e"
"Assets\ThirdParty\RunRich\Visual\Material\player_mat_Shop.mat","758c02e763129224888460038e82550e"
"Assets\ThirdParty\RunRich\Visual\Material\player_mat.mat","7ffc1bc2bbb1ef64f84b552b2d2f0619"
"Assets\ThirdParty\RunRich\Visual\Material\player_mat.mat","758c02e763129224888460038e82550e"
"Assets\ThirdParty\RunRich\Visual\Material\player_mat.mat","758c02e763129224888460038e82550e"
"Assets\ThirdParty\RunRich\Visual\Material\PolygonTown_03_A.mat","933532a4fcc9baf4fa0491de14d08ed7"
"Assets\ThirdParty\RunRich\Visual\Material\PolygonTown_03_A.mat","d6f2e4fe150cf7548aa1ae8ba1fa5617"
"Assets\ThirdParty\RunRich\Visual\Material\PolygonTown_03_A.mat","d6f2e4fe150cf7548aa1ae8ba1fa5617"
"Assets\ThirdParty\RunRich\Visual\Material\PolygonTown_03_A.mat","d6f2e4fe150cf7548aa1ae8ba1fa5617"
"Assets\ThirdParty\RunRich\Visual\Material\PolygonTown_03_A.mat","d0353a89b1f911e48b9e16bdc9f2e058"
"Assets\ThirdParty\RunRich\Visual\Material\props_flat_bad.mat","7ffc1bc2bbb1ef64f84b552b2d2f0619"
"Assets\ThirdParty\RunRich\Visual\Material\props_flat_bad.mat","f610bc9add7cfdc41b7457a3b3d8dcdc"
"Assets\ThirdParty\RunRich\Visual\Material\props_flat_bad.mat","f610bc9add7cfdc41b7457a3b3d8dcdc"
"Assets\ThirdParty\RunRich\Visual\Material\props_flat.mat","7ffc1bc2bbb1ef64f84b552b2d2f0619"
"Assets\ThirdParty\RunRich\Visual\Material\props_flat.mat","758c02e763129224888460038e82550e"
"Assets\ThirdParty\RunRich\Visual\Material\props_flat.mat","758c02e763129224888460038e82550e"
"Assets\ThirdParty\RunRich\Visual\Material\props_flat.mat","758c02e763129224888460038e82550e"
"Assets\ThirdParty\RunRich\Visual\Material\Props_Gem.mat","7ffc1bc2bbb1ef64f84b552b2d2f0619"
"Assets\ThirdParty\RunRich\Visual\Material\Props_Gem.mat","758c02e763129224888460038e82550e"
"Assets\ThirdParty\RunRich\Visual\Material\Props_Gem.mat","758c02e763129224888460038e82550e"
"Assets\ThirdParty\RunRich\Visual\Material\props_Outline_Choice.mat","7ffc1bc2bbb1ef64f84b552b2d2f0619"
"Assets\ThirdParty\RunRich\Visual\Material\props_Outline_Choice.mat","1c930fd503f863c418e777ac9eb7b583"
"Assets\ThirdParty\RunRich\Visual\Material\props_Outline_Choice.mat","1c930fd503f863c418e777ac9eb7b583"
"Assets\ThirdParty\RunRich\Visual\Material\props_Outline_Choice.mat","1c930fd503f863c418e777ac9eb7b583"
"Assets\ThirdParty\RunRich\Visual\Material\props_spec.mat","7ffc1bc2bbb1ef64f84b552b2d2f0619"
"Assets\ThirdParty\RunRich\Visual\Material\props_spec.mat","758c02e763129224888460038e82550e"
"Assets\ThirdParty\RunRich\Visual\Material\props_spec.mat","758c02e763129224888460038e82550e"
"Assets\ThirdParty\RunRich\Visual\Material\Props.mat","7ffc1bc2bbb1ef64f84b552b2d2f0619"
"Assets\ThirdParty\RunRich\Visual\Material\Props.mat","7c0354efb7e2d63488e231eb238db60b"
"Assets\ThirdParty\RunRich\Visual\Material\Props.mat","758c02e763129224888460038e82550e"
"Assets\ThirdParty\RunRich\Visual\Material\ramp-ground.mat","7ffc1bc2bbb1ef64f84b552b2d2f0619"
"Assets\ThirdParty\RunRich\Visual\Material\Red.mat","7ffc1bc2bbb1ef64f84b552b2d2f0619"
"Assets\ThirdParty\RunRich\Visual\Material\Rideau.mat","7ffc1bc2bbb1ef64f84b552b2d2f0619"
"Assets\ThirdParty\RunRich\Visual\Material\Rideau.mat","758c02e763129224888460038e82550e"
"Assets\ThirdParty\RunRich\Visual\Material\Rideau.mat","758c02e763129224888460038e82550e"
"Assets\ThirdParty\RunRich\Visual\Material\Rideau.mat","758c02e763129224888460038e82550e"
"Assets\ThirdParty\RunRich\Visual\Material\skybox.mat","5139fbbe1d9ec134f927f2aa540a207c"
"Assets\ThirdParty\RunRich\Visual\Material\SlotMachine.mat","7ffc1bc2bbb1ef64f84b552b2d2f0619"
"Assets\ThirdParty\RunRich\Visual\Material\SlotMachine.mat","31c5a463955afca488a354782bfe438f"
"Assets\ThirdParty\RunRich\Visual\Material\SlotMachine.mat","d0bbf0a4e6534a64fbf5ba4551e83291"
"Assets\ThirdParty\RunRich\Visual\Material\sparkle_AB.mat","9f578dd6b033b1840b396944cb84b5ff"
"Assets\ThirdParty\RunRich\Visual\Material\sparkle.mat","09dca2839eb43fc48be1d38e55040b1e"
"Assets\ThirdParty\RunRich\Visual\Material\Stain.mat","933532a4fcc9baf4fa0491de14d08ed7"
"Assets\ThirdParty\RunRich\Visual\Material\Stain.mat","3bc1adf45337e9448a2ed58c117a291b"
"Assets\ThirdParty\RunRich\Visual\Material\Stain.mat","b35059e3488cba248addc27588633e58"
"Assets\ThirdParty\RunRich\Visual\Material\Stain.mat","d0353a89b1f911e48b9e16bdc9f2e058"
"Assets\ThirdParty\RunRich\Visual\Material\stairs.mat","d0353a89b1f911e48b9e16bdc9f2e058"
"Assets\ThirdParty\RunRich\Visual\Material\stairs.mat","7ffc1bc2bbb1ef64f84b552b2d2f0619"
"Assets\ThirdParty\RunRich\Visual\Material\stairs.mat","15c938c156045db448ed44528ec014fd"
"Assets\ThirdParty\RunRich\Visual\Material\stairs.mat","15c938c156045db448ed44528ec014fd"
"Assets\ThirdParty\RunRich\Visual\Material\stairs.mat","15c938c156045db448ed44528ec014fd"
"Assets\ThirdParty\RunRich\Visual\Material\Star.mat","cc29bdb277c2440418ee7027d86a3abe"
"Assets\ThirdParty\RunRich\Visual\Material\stars_add.mat","7ffc1bc2bbb1ef64f84b552b2d2f0619"
"Assets\ThirdParty\RunRich\Visual\Material\stars_add.mat","cc29bdb277c2440418ee7027d86a3abe"
"Assets\ThirdParty\RunRich\Visual\Material\stars_add.mat","cc29bdb277c2440418ee7027d86a3abe"
"Assets\ThirdParty\RunRich\Visual\Material\stars_add.mat","abc83c21d57d4a74cabe12065fa1a8b2"
"Assets\ThirdParty\RunRich\Visual\Material\stars_blend.mat","cc29bdb277c2440418ee7027d86a3abe"
"Assets\ThirdParty\RunRich\Visual\Material\TextMeshPro_Sprite_0.mat","8304a8954342b8342ae89b7ebf3c9f20"
"Assets\ThirdParty\RunRich\Visual\Material\TextMeshPro_Sprite_0.mat","c22be55b6b29c684eb09c7620cb71d6b"
"Assets\ThirdParty\RunRich\Visual\Material\TextMeshPro_Sprite_1.mat","8304a8954342b8342ae89b7ebf3c9f20"
"Assets\ThirdParty\RunRich\Visual\Material\TextMeshPro_Sprite_1.mat","7d4f7a3d195db6444adf852f57d3088b"
"Assets\ThirdParty\RunRich\Visual\Material\TextMeshPro_Sprite_2.mat","8304a8954342b8342ae89b7ebf3c9f20"
"Assets\ThirdParty\RunRich\Visual\Material\TextMeshPro_Sprite_2.mat","ee20a1c63564a834da35c2ced33ae92f"
"Assets\ThirdParty\RunRich\Visual\Material\TextMeshPro_Sprite.mat","8304a8954342b8342ae89b7ebf3c9f20"
"Assets\ThirdParty\RunRich\Visual\Material\TextMeshPro_Sprite.mat","f99851e6666bd25468608f8d91d04d0b"
"Assets\ThirdParty\RunRich\Visual\Material\tothemoon.mat","0445b6724b0f482459e5f2ee4db24e8d"
"Assets\ThirdParty\RunRich\Visual\Material\TryAgain.mat","04aae4920342e714a858e7fd848f0de6"
"Assets\ThirdParty\RunRich\Visual\Material\umbrella_decent.mat","7ffc1bc2bbb1ef64f84b552b2d2f0619"
"Assets\ThirdParty\RunRich\Visual\Material\umbrella_decent.mat","dcb25d24fb2bdb0459e5cab2c2dbe13f"
"Assets\ThirdParty\RunRich\Visual\Material\umbrella_decent.mat","dcb25d24fb2bdb0459e5cab2c2dbe13f"
"Assets\ThirdParty\RunRich\Visual\Material\umbrella_decent.mat","d0353a89b1f911e48b9e16bdc9f2e058"
"Assets\ThirdParty\RunRich\Visual\Material\umbrella_hobo.mat","d0353a89b1f911e48b9e16bdc9f2e058"
"Assets\ThirdParty\RunRich\Visual\Material\umbrella_hobo.mat","7ffc1bc2bbb1ef64f84b552b2d2f0619"
"Assets\ThirdParty\RunRich\Visual\Material\umbrella_hobo.mat","bf70358bc6976bf41901bb24e896bb85"
"Assets\ThirdParty\RunRich\Visual\Material\umbrella_hobo.mat","bf70358bc6976bf41901bb24e896bb85"
"Assets\ThirdParty\RunRich\Visual\Material\umbrella_millionaire.mat","7ffc1bc2bbb1ef64f84b552b2d2f0619"
"Assets\ThirdParty\RunRich\Visual\Material\umbrella_millionaire.mat","ac36b94e8379c64418bb97a5667a4774"
"Assets\ThirdParty\RunRich\Visual\Material\umbrella_millionaire.mat","ac36b94e8379c64418bb97a5667a4774"
"Assets\ThirdParty\RunRich\Visual\Material\umbrella_millionaire.mat","d0353a89b1f911e48b9e16bdc9f2e058"
"Assets\ThirdParty\RunRich\Visual\Material\umbrella_poor.mat","7ffc1bc2bbb1ef64f84b552b2d2f0619"
"Assets\ThirdParty\RunRich\Visual\Material\umbrella_poor.mat","2d307ef6f4a3a25409ef8b81e32edd7e"
"Assets\ThirdParty\RunRich\Visual\Material\umbrella_poor.mat","2d307ef6f4a3a25409ef8b81e32edd7e"
"Assets\ThirdParty\RunRich\Visual\Material\umbrella_poor.mat","d0353a89b1f911e48b9e16bdc9f2e058"
"Assets\ThirdParty\RunRich\Visual\Material\umbrella_rich.mat","7ffc1bc2bbb1ef64f84b552b2d2f0619"
"Assets\ThirdParty\RunRich\Visual\Material\umbrella_rich.mat","0e412ce76fbaa5446b4229b7233a8f5d"
"Assets\ThirdParty\RunRich\Visual\Material\umbrella_rich.mat","0e412ce76fbaa5446b4229b7233a8f5d"
"Assets\ThirdParty\RunRich\Visual\Material\umbrella_rich.mat","d0353a89b1f911e48b9e16bdc9f2e058"
"Assets\ThirdParty\RunRich\Visual\Material\Water.mat","7ffc1bc2bbb1ef64f84b552b2d2f0619"
"Assets\ThirdParty\RunRich\Visual\Material\Water.mat","f91895f1f66571544a9ce9b6e23f775c"
"Assets\ThirdParty\RunRich\Visual\Material\Water.mat","f91895f1f66571544a9ce9b6e23f775c"
"Assets\ThirdParty\RunRich\Visual\Material\Water.mat","f91895f1f66571544a9ce9b6e23f775c"
"Assets\ThirdParty\RunRich\Visual\Material\winedrop.mat","7ffc1bc2bbb1ef64f84b552b2d2f0619"
"Assets\ThirdParty\RunRich\Visual\Material\winedrop.mat","70b4e42c4e361794ab124e65a5db1502"
"Assets\ThirdParty\RunRich\Visual\Material\winedrop.mat","70b4e42c4e361794ab124e65a5db1502"
"Assets\ThirdParty\RunRich\Visual\Sprite\1000_coins.asset","1d910ae647bb72f4089efeebeee59739"
"Assets\ThirdParty\RunRich\Visual\Sprite\200_coins.asset","cf4f9b79aa2b24346b89a94575b0ccea"
"Assets\ThirdParty\RunRich\Visual\Sprite\50_coins.asset","5b02969d7e3e8d34f82844153496cdfe"
"Assets\ThirdParty\RunRich\Visual\Sprite\500_coins.asset","f2dbf5939b2557d4795c91b5ddcfa3b8"
"Assets\ThirdParty\RunRich\Visual\Sprite\5000_coins.asset","3f193788361f1224bb5cde6d1ba3d928"
"Assets\ThirdParty\RunRich\Visual\Sprite\9grid_bgshop.asset","d2c1abab4651e1d48965c8c98dd00099"
"Assets\ThirdParty\RunRich\Visual\Sprite\9grid_bgshop2.asset","d0ba962a4fbc66f48a7fa65bdecc4837"
"Assets\ThirdParty\RunRich\Visual\Sprite\9grid_black_transparent.asset","5fdcc3d6bdff68b4e96fcf9195dd297f"
"Assets\ThirdParty\RunRich\Visual\Sprite\9grid_black.asset","936b1c39d4f54aa4b96c3ac054576549"
"Assets\ThirdParty\RunRich\Visual\Sprite\9grid_blue_dark.asset","ca108d90338812548b049374884d404f"
"Assets\ThirdParty\RunRich\Visual\Sprite\9grid_blue_transparent.asset","7caf0c629bd20ae43b1a8f0a4d0cd3a7"
"Assets\ThirdParty\RunRich\Visual\Sprite\9grid_blue.asset","b6fa465955041124a8a1e45420c85896"
"Assets\ThirdParty\RunRich\Visual\Sprite\9grid_blue2.asset","2f9083f46bec37d44b2f672f9c4baa20"
"Assets\ThirdParty\RunRich\Visual\Sprite\9grid_blue5.asset","79c9cb1ad78674a4984e9e1057190728"
"Assets\ThirdParty\RunRich\Visual\Sprite\9grid_green.asset","fe77d461f31174d46b13ab8adf4901bf"
"Assets\ThirdParty\RunRich\Visual\Sprite\9grid_locked.asset","5efe6ccb0b6fd264eaee0ef0c8db233b"
"Assets\ThirdParty\RunRich\Visual\Sprite\9grid_orange.asset","2e28355a47f44f04ebb1831e93dd5fb1"
"Assets\ThirdParty\RunRich\Visual\Sprite\9grid_purple.asset","75a5824a9a7ad9343a5b02c51dae77d1"
"Assets\ThirdParty\RunRich\Visual\Sprite\9grid_red.asset","c33004ddff5a47f4281c37293b56a0f1"
"Assets\ThirdParty\RunRich\Visual\Sprite\9grid_white_transparent-1.asset","88334c7f80ba10e4981a9db644dc456f"
"Assets\ThirdParty\RunRich\Visual\Sprite\9grid_yellow.asset","bc8d20c0b704b7345b66482f7771e86d"
"Assets\ThirdParty\RunRich\Visual\Sprite\ADWORDS_640x100_EN.asset","4d5c35f7d9e82684282ecbfe18e72df2"
"Assets\ThirdParty\RunRich\Visual\Sprite\african_Thumbnail.asset","155e083cbb540984b912bf3bfdd08b1e"
"Assets\ThirdParty\RunRich\Visual\Sprite\Aladdin_Thumbnail.asset","0c0aca02ef395184390e34f626e517c0"
"Assets\ThirdParty\RunRich\Visual\Sprite\am-skip.asset","fa78b97fb74676b40b2e96b4af3b5398"
"Assets\ThirdParty\RunRich\Visual\Sprite\am-timer.asset","5f2289e994e832543b69bf67018c7745"
"Assets\ThirdParty\RunRich\Visual\Sprite\APPLOVIN_768x1024_EN.asset","4d5c35f7d9e82684282ecbfe18e72df2"
"Assets\ThirdParty\RunRich\Visual\Sprite\Arrow_0.asset","a9f2b4936e72bc74c95c8800937241f3"
"Assets\ThirdParty\RunRich\Visual\Sprite\arrow_left_right.asset","a010e1aaed611394d9e149c63654e4a3"
"Assets\ThirdParty\RunRich\Visual\Sprite\arrow_selected.asset","df36f52db4b75874596ef5134ad50714"
"Assets\ThirdParty\RunRich\Visual\Sprite\arrow.asset","04b551eb70478e941808380988459fd6"
"Assets\ThirdParty\RunRich\Visual\Sprite\audio.asset","0c1547edc50203f4a834e62cb9a11be5"
"Assets\ThirdParty\RunRich\Visual\Sprite\aura_yellow.asset","679ff4ac88644294793dc9300c91a792"
"Assets\ThirdParty\RunRich\Visual\Sprite\Back.asset","127236dfa26a5e244b8c4be2bb5c7ea6"
"Assets\ThirdParty\RunRich\Visual\Sprite\Background.asset","cdc0d31fdef34344288695bcb5e82aad"
"Assets\ThirdParty\RunRich\Visual\Sprite\bag.asset","19c507bcb54c2564e812b53dd9f232ab"
"Assets\ThirdParty\RunRich\Visual\Sprite\Banderole_Level 1.asset","63985e857a1945049b9ec4dd54897af3"
"Assets\ThirdParty\RunRich\Visual\Sprite\Banderole_Level.asset","a9901bd082be25144bce10c4c5884c62"
"Assets\ThirdParty\RunRich\Visual\Sprite\bankbag_dishes.asset","db573e6c05812c440a15242806599f49"
"Assets\ThirdParty\RunRich\Visual\Sprite\Base_Thumbnail.asset","970ebd99424fe5240824bc5c8d7a5285"
"Assets\ThirdParty\RunRich\Visual\Sprite\bills_bottle.asset","098104d2d9c3b42489d00e4d895400a0"
"Assets\ThirdParty\RunRich\Visual\Sprite\BlackWoman_Thumbnail.asset","491ce68190fb65845beaf578879b2c7f"
"Assets\ThirdParty\RunRich\Visual\Sprite\bubble_orange.asset","a65bb111c86b044418a1105b8dc3e53b"
"Assets\ThirdParty\RunRich\Visual\Sprite\button_outline.asset","997bc6ef93cf76b4fadf0664f43f23ee"
"Assets\ThirdParty\RunRich\Visual\Sprite\button.asset","b3b27dafeffb18a4a982ee9d308e1b80"
"Assets\ThirdParty\RunRich\Visual\Sprite\check_flat.asset","351337614be512847ae1d9bcafa654d2"
"Assets\ThirdParty\RunRich\Visual\Sprite\check.asset","ae316bab20d0e2244b28468597819290"
"Assets\ThirdParty\RunRich\Visual\Sprite\Checkmark.asset","95bfed6cfbaa40640829181f53709076"
"Assets\ThirdParty\RunRich\Visual\Sprite\Circle 1.asset","02d7b9473d149da42b658617982c0d69"
"Assets\ThirdParty\RunRich\Visual\Sprite\Circle 3.asset","ea7b13a379917c448b54ff9ef53e777d"
"Assets\ThirdParty\RunRich\Visual\Sprite\circle_gauge.asset","15d0085fa343b6a4fa7db990b375a184"
"Assets\ThirdParty\RunRich\Visual\Sprite\circle_slot_transparent.asset","a1dd416dbce50ca46890c0195883deb4"
"Assets\ThirdParty\RunRich\Visual\Sprite\circle_stroke.asset","5c0376ca05523a74e98ba0f87231a654"
"Assets\ThirdParty\RunRich\Visual\Sprite\Circle.asset","ba9a807fe17ada64f8e8f85997ab8d22"
"Assets\ThirdParty\RunRich\Visual\Sprite\city_blue.asset","9328e5238727e5e4e94f1cfd118089d9"
"Assets\ThirdParty\RunRich\Visual\Sprite\city_orange.asset","859fe1b595dac8e419ae30516cdc7b5a"
"Assets\ThirdParty\RunRich\Visual\Sprite\close.asset","75e8523cf1425c74b8966958cbacd83c"
"Assets\ThirdParty\RunRich\Visual\Sprite\console.asset","19c507bcb54c2564e812b53dd9f232ab"
"Assets\ThirdParty\RunRich\Visual\Sprite\couronne_laurier.asset","a12fab3742c7b864f8fe5a3e4c9bba8c"
"Assets\ThirdParty\RunRich\Visual\Sprite\Cowboy_Thumbnail.asset","40d08fc5856c8ec4ca0e7b817596269d"
"Assets\ThirdParty\RunRich\Visual\Sprite\crosspromo_window.asset","997bc6ef93cf76b4fadf0664f43f23ee"
"Assets\ThirdParty\RunRich\Visual\Sprite\currency.asset","8604485a2b4374d42b1cc1541a4ec608"
"Assets\ThirdParty\RunRich\Visual\Sprite\default.asset","016487c9c52f51b45ae96caf8e7f5a9c"
"Assets\ThirdParty\RunRich\Visual\Sprite\Dollar_Green.asset","c22be55b6b29c684eb09c7620cb71d6b"
"Assets\ThirdParty\RunRich\Visual\Sprite\dollar_Logo.asset","ee20a1c63564a834da35c2ced33ae92f"
"Assets\ThirdParty\RunRich\Visual\Sprite\Exit.asset","94717f1e2c591bb40b090e8605f15801"
"Assets\ThirdParty\RunRich\Visual\Sprite\gauge_empty.asset","a48bd50325d8ae64ba7f6c35e3703cf3"
"Assets\ThirdParty\RunRich\Visual\Sprite\gauge_full.asset","8aebe875b30d48e45b39128534080aed"
"Assets\ThirdParty\RunRich\Visual\Sprite\gauge_retry_fill.asset","32845db35b32e2e489760c389b7681ec"
"Assets\ThirdParty\RunRich\Visual\Sprite\gauge_retry.asset","7322e4394954e4c4993afbbdf2b1e084"
"Assets\ThirdParty\RunRich\Visual\Sprite\gdpr_appstore.asset","9dabec1c2056a6d44bbaab730af2d9fa"
"Assets\ThirdParty\RunRich\Visual\Sprite\gdpr_bug.asset","9dabec1c2056a6d44bbaab730af2d9fa"
"Assets\ThirdParty\RunRich\Visual\Sprite\gdpr_cross.asset","9dabec1c2056a6d44bbaab730af2d9fa"
"Assets\ThirdParty\RunRich\Visual\Sprite\gdpr_game.asset","9dabec1c2056a6d44bbaab730af2d9fa"
"Assets\ThirdParty\RunRich\Visual\Sprite\gdpr_link.asset","9dabec1c2056a6d44bbaab730af2d9fa"
"Assets\ThirdParty\RunRich\Visual\Sprite\gdpr_rounded_square.asset","9dabec1c2056a6d44bbaab730af2d9fa"
"Assets\ThirdParty\RunRich\Visual\Sprite\gdpr_warning.asset","9dabec1c2056a6d44bbaab730af2d9fa"
"Assets\ThirdParty\RunRich\Visual\Sprite\Geisha_Thumbnail.asset","dfae9b7eacdd6234ca40eafa260e2128"
"Assets\ThirdParty\RunRich\Visual\Sprite\gem_smoke.asset","9c086aab8af1adb4eb13463f5c41b469"
"Assets\ThirdParty\RunRich\Visual\Sprite\gift_open.asset","4e6989038d0fc934c8b1b9d75f3cb52f"
"Assets\ThirdParty\RunRich\Visual\Sprite\gift.asset","28be9a16ec5f09946919bad1c74264e5"
"Assets\ThirdParty\RunRich\Visual\Sprite\gold_bills.asset","e4a2aa1a56392c741bd9002d71ac263c"
"Assets\ThirdParty\RunRich\Visual\Sprite\grass_night.asset","dba74b106b72fcf459f86479a6c569b7"
"Assets\ThirdParty\RunRich\Visual\Sprite\grass.asset","a75f3f821f75a2a4c89d1947fbe46d18"
"Assets\ThirdParty\RunRich\Visual\Sprite\hand.asset","01b32fe197e39464a8d8cdedd21ab5b2"
"Assets\ThirdParty\RunRich\Visual\Sprite\hide.asset","24940a2022a2e1948a60afecd5df1776"
"Assets\ThirdParty\RunRich\Visual\Sprite\house_popup_thumb.asset","0b81258c607187c4e8a491f6578c7401"
"Assets\ThirdParty\RunRich\Visual\Sprite\house_select_border.asset","b221f622313816942b562410006d039d"
"Assets\ThirdParty\RunRich\Visual\Sprite\house.asset","4cf20cfd7a4dd9c4cb09ff09e97a34cc"
"Assets\ThirdParty\RunRich\Visual\Sprite\human_finger.asset","f1b65520d8e991e46aa85328537a5b7c"
"Assets\ThirdParty\RunRich\Visual\Sprite\icon-iap.asset","19c507bcb54c2564e812b53dd9f232ab"
"Assets\ThirdParty\RunRich\Visual\Sprite\icons8-analytics-128.asset","19c507bcb54c2564e812b53dd9f232ab"
"Assets\ThirdParty\RunRich\Visual\Sprite\icons8-back-arrow-48.asset","19c507bcb54c2564e812b53dd9f232ab"
"Assets\ThirdParty\RunRich\Visual\Sprite\icons8-checkmark-104.asset","19c507bcb54c2564e812b53dd9f232ab"
"Assets\ThirdParty\RunRich\Visual\Sprite\icons8-checkmark-background-104.asset","19c507bcb54c2564e812b53dd9f232ab"
"Assets\ThirdParty\RunRich\Visual\Sprite\icons8-checkmark-border-104.asset","19c507bcb54c2564e812b53dd9f232ab"
"Assets\ThirdParty\RunRich\Visual\Sprite\icons8-close-window-96.asset","7bb5f88607405464ea9755756559c7d0"
"Assets\ThirdParty\RunRich\Visual\Sprite\icons8-code-96.asset","19c507bcb54c2564e812b53dd9f232ab"
"Assets\ThirdParty\RunRich\Visual\Sprite\icons8-collapse-arrow-48.asset","19c507bcb54c2564e812b53dd9f232ab"
"Assets\ThirdParty\RunRich\Visual\Sprite\icons8-copy-48.asset","19c507bcb54c2564e812b53dd9f232ab"
"Assets\ThirdParty\RunRich\Visual\Sprite\icons8-domaine-96.asset","19c507bcb54c2564e812b53dd9f232ab"
"Assets\ThirdParty\RunRich\Visual\Sprite\icons8-error-64.asset","19c507bcb54c2564e812b53dd9f232ab"
"Assets\ThirdParty\RunRich\Visual\Sprite\icons8-expand-arrow-48.asset","19c507bcb54c2564e812b53dd9f232ab"
"Assets\ThirdParty\RunRich\Visual\Sprite\icons8-filter-96.asset","19c507bcb54c2564e812b53dd9f232ab"
"Assets\ThirdParty\RunRich\Visual\Sprite\icons8-gdpr-96.asset","19c507bcb54c2564e812b53dd9f232ab"
"Assets\ThirdParty\RunRich\Visual\Sprite\icons8-high-priority-48.asset","19c507bcb54c2564e812b53dd9f232ab"
"Assets\ThirdParty\RunRich\Visual\Sprite\icons8-hourglass-96.asset","19c507bcb54c2564e812b53dd9f232ab"
"Assets\ThirdParty\RunRich\Visual\Sprite\icons8-info-48.asset","19c507bcb54c2564e812b53dd9f232ab"
"Assets\ThirdParty\RunRich\Visual\Sprite\icons8-key-48.asset","19c507bcb54c2564e812b53dd9f232ab"
"Assets\ThirdParty\RunRich\Visual\Sprite\icons8-money-100.asset","19c507bcb54c2564e812b53dd9f232ab"
"Assets\ThirdParty\RunRich\Visual\Sprite\icons8-note-48.asset","19c507bcb54c2564e812b53dd9f232ab"
"Assets\ThirdParty\RunRich\Visual\Sprite\icons8-pause-52.asset","19c507bcb54c2564e812b53dd9f232ab"
"Assets\ThirdParty\RunRich\Visual\Sprite\icons8-popup-background-104.asset","19c507bcb54c2564e812b53dd9f232ab"
"Assets\ThirdParty\RunRich\Visual\Sprite\icons8-test-tube-48.asset","19c507bcb54c2564e812b53dd9f232ab"
"Assets\ThirdParty\RunRich\Visual\Sprite\icons8-toggle-off-48.asset","19c507bcb54c2564e812b53dd9f232ab"
"Assets\ThirdParty\RunRich\Visual\Sprite\icons8-toggle-on-48.asset","19c507bcb54c2564e812b53dd9f232ab"
"Assets\ThirdParty\RunRich\Visual\Sprite\icons8-trash-208.asset","19c507bcb54c2564e812b53dd9f232ab"
"Assets\ThirdParty\RunRich\Visual\Sprite\Indian_Thumbnail.asset","7af1b42e11ead6e46b8c5b26af767f13"
"Assets\ThirdParty\RunRich\Visual\Sprite\info-icon.asset","7983cf954159abc42a72a2f6435fbe42"
"Assets\ThirdParty\RunRich\Visual\Sprite\InputFieldBackground.asset","9094d065b0dd6a64c9e27b69838c826b"
"Assets\ThirdParty\RunRich\Visual\Sprite\interrogation.asset","2b0f744a01a7d5246b461397ab80f2a4"
"Assets\ThirdParty\RunRich\Visual\Sprite\key.asset","17ca1cc79c903554e8934185d88ef38a"
"Assets\ThirdParty\RunRich\Visual\Sprite\lock.asset","f9d6b20acc4663a4a9ea93b0d9cc773b"
"Assets\ThirdParty\RunRich\Visual\Sprite\Negative.asset","0a0be9da34c2f9345ae081165d714a74"
"Assets\ThirdParty\RunRich\Visual\Sprite\no_ads.asset","c56801545e45d8e489f50cb751cf6921"
"Assets\ThirdParty\RunRich\Visual\Sprite\options.asset","19c507bcb54c2564e812b53dd9f232ab"
"Assets\ThirdParty\RunRich\Visual\Sprite\parquet_orange.asset","20f7a650a7c74a64fa59b09f28012331"
"Assets\ThirdParty\RunRich\Visual\Sprite\parquet_violet.asset","c083f06fea683f242ac9b354e1aa7ef4"
"Assets\ThirdParty\RunRich\Visual\Sprite\pattern_settings.asset","cd742ef02524f114c9f2ccd744e61e67"
"Assets\ThirdParty\RunRich\Visual\Sprite\pearl_trash.asset","de208442a8763fa439c75391b9793c23"
"Assets\ThirdParty\RunRich\Visual\Sprite\pickups.asset","9b3c90288c395784db994a37635dbad4"
"Assets\ThirdParty\RunRich\Visual\Sprite\Pirate_Thumbnail.asset","e4bc0ddda31f81d49bcef42e10771b50"
"Assets\ThirdParty\RunRich\Visual\Sprite\Plus.asset","dfcc55acdf1666c49b2bdecf8fa8f647"
"Assets\ThirdParty\RunRich\Visual\Sprite\privacy.asset","7cdb5ec9d13052f448eb8a282dbc0ff6"
"Assets\ThirdParty\RunRich\Visual\Sprite\Punk_Thumbnail.asset","6e72a53a355a35943b390ccf24e642e1"
"Assets\ThirdParty\RunRich\Visual\Sprite\Rappeur_Thumbnail.asset","4aa75246e34e7624c90d07e40742d505"
"Assets\ThirdParty\RunRich\Visual\Sprite\Ray_0.asset","b36bc17a3eef1284a9ad8a04c65a551c"
"Assets\ThirdParty\RunRich\Visual\Sprite\ray.asset","ab8e8a3cc8aee8348a0fc5785d39ffb6"
"Assets\ThirdParty\RunRich\Visual\Sprite\recording_logo_on.asset","19c507bcb54c2564e812b53dd9f232ab"
"Assets\ThirdParty\RunRich\Visual\Sprite\restart.asset","18d9a38b60a948345968eb794d6e608f"
"Assets\ThirdParty\RunRich\Visual\Sprite\restore_purchase.asset","9d8bdaad13517434aa379f4cfda88119"
"Assets\ThirdParty\RunRich\Visual\Sprite\ring_badcloth.asset","f694ee949c326c7458e799426bb161c7"
"Assets\ThirdParty\RunRich\Visual\Sprite\Robot_Thumbnail.asset","3181dcee2a15d59419c7dcafb905996f"
"Assets\ThirdParty\RunRich\Visual\Sprite\rounded-frame.asset","1bbded1fb999b004694d542167525c81"
"Assets\ThirdParty\RunRich\Visual\Sprite\rounded-rectangle.asset","8bb39bbecdc6b5f43ab499f90eb5f6ae"
"Assets\ThirdParty\RunRich\Visual\Sprite\sand.asset","704c02948c3c5984192101246cd41eae"
"Assets\ThirdParty\RunRich\Visual\Sprite\sdk-512.asset","19c507bcb54c2564e812b53dd9f232ab"
"Assets\ThirdParty\RunRich\Visual\Sprite\separator.asset","9dabec1c2056a6d44bbaab730af2d9fa"
"Assets\ThirdParty\RunRich\Visual\Sprite\settings.asset","86f1ed575bee5b148913ccc2d41f3cc4"
"Assets\ThirdParty\RunRich\Visual\Sprite\shop_bar.asset","79cf8460cd3866b4180f5ed953920341"
"Assets\ThirdParty\RunRich\Visual\Sprite\shop_skin.asset","eee872c862f97c9488fae654c4c43c71"
"Assets\ThirdParty\RunRich\Visual\Sprite\shop_tab_select.asset","361b1124432b24945b55b28a1bedcfb6"
"Assets\ThirdParty\RunRich\Visual\Sprite\shop_tab.asset","b067561cb94a58d42a7b27e0ed290feb"
"Assets\ThirdParty\RunRich\Visual\Sprite\slot_transparent 1.asset","42707ae449c6f20439b9b82f22ecf0ac"
"Assets\ThirdParty\RunRich\Visual\Sprite\sound_off.asset","a50353e112852cd419251f89a11d2208"
"Assets\ThirdParty\RunRich\Visual\Sprite\sound_on.asset","73bd9ced69678634383ec54a292e415c"
"Assets\ThirdParty\RunRich\Visual\Sprite\speaker-icon.asset","49499769a5200614f9a94fab26320b32"
"Assets\ThirdParty\RunRich\Visual\Sprite\spinner_0.asset","9dabec1c2056a6d44bbaab730af2d9fa"
"Assets\ThirdParty\RunRich\Visual\Sprite\spinner.asset","19c507bcb54c2564e812b53dd9f232ab"
"Assets\ThirdParty\RunRich\Visual\Sprite\square_round_border.asset","997bc6ef93cf76b4fadf0664f43f23ee"
"Assets\ThirdParty\RunRich\Visual\Sprite\star_gradiant.asset","4de136011398c634c9e7a463b8fbdcda"
"Assets\ThirdParty\RunRich\Visual\Sprite\Star.asset","e5c20efc3c896a1428c14d62a75bfa24"
"Assets\ThirdParty\RunRich\Visual\Sprite\stop-icon.asset","094576efcd3fe0143a4ade5d08bd253a"
"Assets\ThirdParty\RunRich\Visual\Sprite\Superhero_Thumbnail.asset","c68e5d4372b6d6742a1af40e6628af76"
"Assets\ThirdParty\RunRich\Visual\Sprite\tick.asset","52656022fd687c449bf2dac435dc3b94"
"Assets\ThirdParty\RunRich\Visual\Sprite\toggle_off.asset","65aa7305201bf6c4494e40b6258d5dfa"
"Assets\ThirdParty\RunRich\Visual\Sprite\toggle_on.asset","98a4d538e2d661340ae43380de097561"
"Assets\ThirdParty\RunRich\Visual\Sprite\ToggleOff.asset","9dabec1c2056a6d44bbaab730af2d9fa"
"Assets\ThirdParty\RunRich\Visual\Sprite\ToggleOn.asset","9dabec1c2056a6d44bbaab730af2d9fa"
"Assets\ThirdParty\RunRich\Visual\Sprite\UIMask.asset","57eef3f4d23cfba4fa21712f21b29950"
"Assets\ThirdParty\RunRich\Visual\Sprite\Upgrade.asset","03bb47ab772700249800c109c644ab69"
"Assets\ThirdParty\RunRich\Visual\Sprite\vibrate.asset","ba80da5638451ff42ad8ec807585f11a"
"Assets\ThirdParty\RunRich\Visual\Sprite\voodoo-logo-noir.asset","672e82195db041a4cbe9da980174de59"
"Assets\ThirdParty\RunRich\Visual\Sprite\vs-logo.asset","19c507bcb54c2564e812b53dd9f232ab"
"Assets\ThirdParty\RunRich\Visual\Sprite\watch 2.asset","64f4cf716de726e4f88622c68fe002db"
"Assets\ThirdParty\RunRich\Visual\Sprite\watch.asset","dc438e5725deec94e982fe1438636d76"
"Assets\ThirdParty\RunRich\Visual\Sprite\white_pixel.asset","820d19dcbf64f694bb5850542a9546c7"
"Assets\ThirdParty\RunRich\Visual\Sprite\youwin.asset","654e41bbf59bb7149bba6f974a012b59"
"Assets\ThirdParty\RunRich\Visual\Texture2D\Materials\Dollar_Red.mat","f53a9e1422a8eac428da37bcb9656c49"
"Assets\ThirdParty\RunRich\Visual\Texture2D\Materials\Dollar_Red.mat","7d4f7a3d195db6444adf852f57d3088b"
